{
  "Style": {
    "backgroundColor": -1,
    "lineColor": -16777216,
    "lineWidth": 1.0833333730697632
  },
  "Image": {
    "Blur": 2,
    "ImageAlpha": 0,
    "Width": 806,
    "Contrast": 0,
    "source_file": "tree.png"
  },
  "Lines": {
    "lines_spacing": 0.4300000071525574,
    "precision": 3.5973334312438965,
    "min_radius": 0,
    "draw": false,
    "type": 1,
    "canvas_width": 733,
    "max_radius": 1500,
    "size": 520.7666625976562,
    "nb_lines": 3488,
    "canvas_height": 733,
    "ellipse": 0,
    "center_y": 0,
    "use_canvas": true,
    "direction": 45.600006103515625,
    "center_x": 0
  },
  "Threshold": {
    "threshold_12": 254.05670166015625,
    "threshold_11": 237.52682495117188,
    "mirror": true,
    "threshold_2": 54.11927795410156,
    "threshold_3": 81.16551208496094,
    "threshold_10": 220.57769775390625,
    "threshold_1": 14.450000762939453,
    "black": true,
    "draw": true,
    "min_value": 14.450000762939453,
    "use_power": true,
    "threshold_6": 147.09225463867188,
    "threshold_7": 166.52850341796875,
    "threshold_4": 104.87641906738281,
    "power": -0.33333301544189453,
    "threshold_5": 126.65167999267578,
    "nb_values": 9,
    "threshold_8": 185.16746520996094,
    "max_value": 203.15000915527344,
    "threshold_9": 203.15000915527344
  }
}