{
  "Style": {
    "backgroundColor": -16777216,
    "lineColor": -1,
    "lineWidth": 1.2166666984558105
  },
  "Page": {
    "clipping": false,
    "clip_width": 0,
    "margin": 2,
    "clip_height": 0,
    "paper_format": 2,
    "global_scale": 1
  },
  "Image": {
    "reset_image": false,
    "Blur": 1,
    "ImageAlpha": 0,
    "Width": 1580.0001220703125,
    "Contrast": 0,
    "source_file": "art002e009281~large.jpg"
  },
  "Lines": {
    "SinusLines": {
      "high": 20,
      "period": 100,
      "size": 500,
      "direction_sinus": 0
    },
    "lines_spacing": 0.8166667222976685,
    "nb_lines": 2081,
    "precision": 2.258000135421753,
    "draw": false,
    "type": 1,
    "CircleLines": {
      "max_radius": 2330,
      "min_radius": 630,
      "ellipse": 0,
      "center_y": 1426.666748046875,
      "center_x": -720
    },
    "StraightLines": {
      "size": 865.7000122070312,
      "direction": 45
    }
  },
  "Threshold": {
    "threshold_12": 255,
    "threshold_11": 255,
    "mirror": true,
    "threshold_2": 92.34911346435547,
    "threshold_3": 139.6649627685547,
    "threshold_10": 255,
    "threshold_1": 22.950000762939453,
    "black": false,
    "draw": true,
    "min_value": 22.950000762939453,
    "use_power": true,
    "threshold_6": 255,
    "threshold_7": 255,
    "threshold_4": 181.14581298828125,
    "power": -0.33333301544189453,
    "threshold_5": 219.24038696289062,
    "nb_values": 6,
    "threshold_8": 255,
    "max_value": 255,
    "threshold_9": 255
  }
}