{
  "Style": {
    "backgroundColor": -16777216,
    "lineColor": -1,
    "lineWidth": 1.2166666984558105
  },
  "Page": {
    "clipping": false,
    "clip_width": 0,
    "clip_height": 0,
    "global_scale": 1
  },
  "Image": {
    "reset_image": false,
    "Blur": 1,
    "ImageAlpha": 0,
    "Width": 1526,
    "Contrast": 0,
    "source_file": "artemis_2.png"
  },
  "Lines": {
    "SinusLines": {
      "high": 20,
      "period": 100,
      "size": 500,
      "direction_sinus": 0
    },
    "canvas_width": 715,
    "lines_spacing": 0.7850000262260437,
    "nb_lines": 2025,
    "precision": 3.9240000247955322,
    "canvas_height": 307,
    "draw": false,
    "type": 1,
    "CircleLines": {
      "max_radius": 1590.0001220703125,
      "min_radius": 0,
      "ellipse": 0.1400003433227539,
      "center_y": 1186.666748046875,
      "center_x": 213.333251953125
    },
    "use_canvas": false,
    "StraightLines": {
      "size": 865.7000122070312,
      "direction": 45
    }
  },
  "Threshold": {
    "threshold_12": 255,
    "threshold_11": 255,
    "mirror": false,
    "threshold_2": 142.62289428710938,
    "threshold_3": 166.2767333984375,
    "threshold_10": 255,
    "threshold_1": 125.80000305175781,
    "black": false,
    "draw": true,
    "min_value": 125.80000305175781,
    "use_power": true,
    "threshold_6": 255,
    "threshold_7": 255,
    "threshold_4": 193.4478759765625,
    "power": 0.2666664123535156,
    "threshold_5": 223.18899536132812,
    "nb_values": 6,
    "threshold_8": 255,
    "max_value": 255,
    "threshold_9": 255
  }
}