{
  "Style": {
    "backgroundColor": -16777216,
    "lineColor": -1,
    "lineWidth": 1.2166666984558105
  },
  "Page": {
    "clipping": false,
    "clip_width": 0,
    "margin": 2,
    "clip_height": 0,
    "paper_format": 2,
    "global_scale": 1
  },
  "Image": {
    "reset_image": false,
    "Blur": 1,
    "ImageAlpha": 0,
    "Width": 1580.0001220703125,
    "Contrast": 0,
    "source_file": "art002e009283~large.jpg"
  },
  "Lines": {
    "SinusLines": {
      "high": 20,
      "period": 100,
      "size": 500,
      "direction_sinus": 0
    },
    "lines_spacing": 0.8166667222976685,
    "nb_lines": 1738,
    "precision": 3.9240000247955322,
    "draw": false,
    "type": 1,
    "CircleLines": {
      "max_radius": 2480.000244140625,
      "min_radius": 1060.0001220703125,
      "ellipse": 0,
      "center_y": -1733.333251953125,
      "center_x": 1013.333251953125
    },
    "StraightLines": {
      "size": 865.7000122070312,
      "direction": 45
    }
  },
  "Threshold": {
    "threshold_12": 203.94630432128906,
    "threshold_11": 192.32113647460938,
    "mirror": false,
    "threshold_2": 51.42890548706055,
    "threshold_3": 74.50685119628906,
    "threshold_10": 180.28369140625,
    "threshold_1": 11.050000190734863,
    "black": false,
    "draw": true,
    "min_value": 11.050000190734863,
    "use_power": true,
    "threshold_6": 126.39657592773438,
    "threshold_7": 140.9606170654297,
    "threshold_4": 93.71481323242188,
    "power": -0.5333328247070312,
    "threshold_5": 110.77465057373047,
    "nb_values": 8,
    "threshold_8": 154.6999969482422,
    "max_value": 154.6999969482422,
    "threshold_9": 167.77073669433594
  }
}