{
  "Style": {
    "backgroundColor": -5327169,
    "lineColor": -13877680,
    "lineWidth": 0.5833333134651184
  },
  "Page": {
    "clipping": false,
    "clip_width": 0,
    "clip_height": 0,
    "global_scale": 1.3600006103515625
  },
  "Image": {
    "reset_image": false,
    "Blur": 2,
    "ImageAlpha": 0,
    "Width": 1112,
    "Contrast": 0,
    "source_file": "tree.png"
  },
  "Lines": {
    "SinusLines": {
      "high": 20,
      "period": 100,
      "size": 447.79998779296875,
      "direction_sinus": 0
    },
    "canvas_width": 751,
    "lines_spacing": 1,
    "nb_lines": 230,
    "precision": 2.310999870300293,
    "canvas_height": 787,
    "draw": true,
    "type": 1,
    "CircleLines": {
      "max_radius": 263.3333435058594,
      "min_radius": 33.333335876464844,
      "ellipse": 0,
      "center_y": 0,
      "center_x": 0
    },
    "use_canvas": false,
    "StraightLines": {
      "size": 447.79998779296875,
      "direction": 49.80000305175781
    }
  },
  "Threshold": {
    "threshold_12": 125,
    "threshold_11": 125,
    "mirror": true,
    "threshold_2": 90.95000457763672,
    "threshold_3": 130.0500030517578,
    "threshold_10": 125,
    "threshold_1": 106.25000762939453,
    "black": true,
    "draw": false,
    "min_value": 0,
    "use_power": false,
    "threshold_6": 53.55000305175781,
    "threshold_7": 100.30000305175781,
    "threshold_4": 171.6999969482422,
    "power": 0,
    "threshold_5": 128.35000610351562,
    "nb_values": 4,
    "threshold_8": 0,
    "max_value": 255,
    "threshold_9": 125
  }
}