{
  "Style": {
    "backgroundColor": -1,
    "lineColor": -16777216,
    "lineWidth": 1.0833333730697632
  },
  "Image": {
    "Blur": 2,
    "ImageAlpha": 0,
    "Width": 806,
    "Contrast": 0,
    "source_file": "tree.png"
  },
  "Lines": {
    "lines_spacing": 6.23799991607666,
    "precision": 3.5973334312438965,
    "min_radius": 130,
    "draw": true,
    "type": 1,
    "canvas_width": 733,
    "max_radius": 290,
    "size": 520.7666625976562,
    "nb_lines": 25,
    "canvas_height": 733,
    "ellipse": 0,
    "center_y": 26.6666259765625,
    "use_canvas": true,
    "direction": -39.599998474121094,
    "center_x": -33.333251953125
  },
  "Threshold": {
    "mirror": true,
    "threshold_2": 90.95000457763672,
    "threshold_3": 130.0500030517578,
    "threshold_1": 46.75,
    "black": true,
    "threshold_6": 215.90000915527344,
    "threshold_7": 233.75,
    "threshold_4": 171.6999969482422,
    "draw": false,
    "threshold_5": 198.0500030517578,
    "nb_values": 4,
    "threshold_8": 0
  }
}