{
  "Style": {
    "backgroundColor": -1,
    "lineColor": -16777216,
    "lineWidth": 1.0833333730697632
  },
  "Image": {
    "Blur": 2,
    "ImageAlpha": 0,
    "Width": 806,
    "Contrast": 0,
    "source_file": "tree.png"
  },
  "Lines": {
    "lines_spacing": 0.2979999780654907,
    "precision": 3.5973334312438965,
    "min_radius": 130,
    "draw": false,
    "type": 0,
    "canvas_width": 733,
    "max_radius": 290,
    "size": 520.7666625976562,
    "nb_lines": 3495,
    "canvas_height": 733,
    "ellipse": 0,
    "center_y": 26.6666259765625,
    "use_canvas": true,
    "direction": 45.600006103515625,
    "center_x": -33.333251953125
  },
  "Threshold": {
    "threshold_12": 229.50001525878906,
    "threshold_11": 210.9889678955078,
    "mirror": true,
    "threshold_2": 27.663471221923828,
    "threshold_3": 50.9942741394043,
    "threshold_10": 192.2584686279297,
    "threshold_1": 0,
    "black": true,
    "draw": true,
    "min_value": 0,
    "use_power": true,
    "threshold_6": 114.45770263671875,
    "threshold_7": 134.4345245361328,
    "threshold_4": 72.92830657958984,
    "power": -0.1333332061767578,
    "threshold_5": 94.00180053710938,
    "nb_values": 12,
    "threshold_8": 154.02157592773438,
    "max_value": 229.50001525878906,
    "threshold_9": 173.28099060058594
  }
}