{
  "Style": {
    "backgroundColor": -16777216,
    "lineColor": -1,
    "lineWidth": 2.366666793823242
  },
  "Image": {
    "Blur": 2,
    "ImageAlpha": 0,
    "Width": 1772,
    "Contrast": 0,
    "source_file": "3db937f5-652c-4602-b5cc-0d2612df2db5.jpg"
  },
  "Lines": {
    "lines_spacing": 1.5520000457763672,
    "precision": 3.5973334312438965,
    "min_radius": 0,
    "draw": false,
    "type": 1,
    "canvas_width": 733,
    "max_radius": 1860,
    "size": 520.7666625976562,
    "nb_lines": 1198,
    "canvas_height": 733,
    "ellipse": 0.059999942779541016,
    "center_y": 493.333251953125,
    "use_canvas": false,
    "direction": -39.599998474121094,
    "center_x": 0
  },
  "Threshold": {
    "threshold_12": 255,
    "threshold_11": 255,
    "mirror": true,
    "threshold_2": 108.61082458496094,
    "threshold_3": 143.8328094482422,
    "threshold_10": 255,
    "threshold_1": 56.95000457763672,
    "black": false,
    "draw": true,
    "min_value": 56.95000457763672,
    "use_power": true,
    "threshold_6": 229.6884002685547,
    "threshold_7": 255,
    "threshold_4": 174.71121215820312,
    "power": -0.33333301544189453,
    "threshold_5": 203.0688934326172,
    "nb_values": 7,
    "threshold_8": 255,
    "max_value": 255,
    "threshold_9": 255
  }
}