{
  "Style": {
    "backgroundColor": -16777216,
    "lineColor": -1,
    "lineWidth": 1.899999976158142
  },
  "Image": {
    "Blur": 2,
    "ImageAlpha": 0,
    "Width": 1772,
    "Contrast": 0,
    "source_file": "3db937f5-652c-4602-b5cc-0d2612df2db5.jpg"
  },
  "Lines": {
    "lines_spacing": 0.8260000348091125,
    "precision": 3.5973334312438965,
    "min_radius": 0,
    "draw": false,
    "type": 1,
    "canvas_width": 733,
    "max_radius": 1860,
    "size": 520.7666625976562,
    "nb_lines": 2251,
    "canvas_height": 733,
    "ellipse": 0,
    "center_y": 613.33349609375,
    "use_canvas": false,
    "direction": -39.599998474121094,
    "center_x": -33.333251953125
  },
  "Threshold": {
    "mirror": true,
    "threshold_2": 91.80000305175781,
    "threshold_3": 130.0500030517578,
    "threshold_1": 47.599998474121094,
    "black": false,
    "threshold_6": 215.90000915527344,
    "threshold_7": 233.75,
    "threshold_4": 171.6999969482422,
    "draw": true,
    "threshold_5": 198.0500030517578,
    "nb_values": 8,
    "threshold_8": 245.65000915527344
  }
}