{
  "Style": {
    "backgroundColor": -16777216,
    "lineColor": -1,
    "lineWidth": 2.366666793823242
  },
  "Page": {
    "clipping": false,
    "clip_width": 0,
    "clip_height": 0,
    "global_scale": 1
  },
  "Image": {
    "reset_image": false,
    "Blur": 2,
    "ImageAlpha": 0,
    "Width": 1418,
    "Contrast": 0,
    "source_file": "3db937f5-652c-4602-b5cc-0d2612df2db5.jpg"
  },
  "Lines": {
    "SinusLines": {
      "high": 20,
      "period": 100,
      "size": 500,
      "direction_sinus": 0
    },
    "canvas_width": 715,
    "lines_spacing": 1,
    "nb_lines": 1000,
    "precision": 1.4413334131240845,
    "canvas_height": 307,
    "draw": false,
    "type": 1,
    "CircleLines": {
      "max_radius": 1000,
      "min_radius": 0,
      "ellipse": 0,
      "center_y": 0,
      "center_x": 0
    },
    "use_canvas": false,
    "StraightLines": {
      "size": 500,
      "direction": 0
    }
  },
  "Threshold": {
    "threshold_12": 255,
    "threshold_11": 255,
    "mirror": false,
    "threshold_2": 106.84458923339844,
    "threshold_3": 128.69235229492188,
    "threshold_10": 241.30859375,
    "threshold_1": 74.80000305175781,
    "black": false,
    "draw": true,
    "min_value": 74.80000305175781,
    "use_power": true,
    "threshold_6": 181.94754028320312,
    "threshold_7": 197.6480255126953,
    "threshold_4": 147.8458709716797,
    "power": -0.33333301544189453,
    "threshold_5": 165.435791015625,
    "nb_values": 11,
    "threshold_8": 212.70443725585938,
    "max_value": 255,
    "threshold_9": 227.23062133789062
  }
}