{
  "Style": {
    "backgroundColor": -1,
    "lineColor": -16777216,
    "lineWidth": 0.550000011920929
  },
  "Page": {
    "clipping": false,
    "clip_width": 0,
    "margin": 2,
    "clip_height": 0,
    "paper_format": 2,
    "global_scale": 1
  },
  "Image": {
    "reset_image": false,
    "Blur": 1,
    "ImageAlpha": 0,
    "Width": 1868,
    "Contrast": 0,
    "source_file": "WhatsApp Image 2026-04-19 at 20.00.36.jpeg"
  },
  "Lines": {
    "SinusLines": {
      "high": 20,
      "period": 100,
      "size": 520.7666625976562,
      "direction_sinus": 0
    },
    "lines_spacing": 0.721666693687439,
    "nb_lines": 2729,
    "precision": 4.022000312805176,
    "draw": false,
    "type": 1,
    "CircleLines": {
      "max_radius": 1970.0001220703125,
      "min_radius": 0,
      "ellipse": 0,
      "center_y": -640,
      "center_x": 440
    },
    "StraightLines": {
      "size": 520.7666625976562,
      "direction": 45.600006103515625
    }
  },
  "Threshold": {
    "threshold_12": 255,
    "threshold_11": 255,
    "mirror": false,
    "threshold_2": 30.629005432128906,
    "threshold_3": 31.824726104736328,
    "threshold_10": 255,
    "threshold_1": 30.600000381469727,
    "black": true,
    "draw": true,
    "min_value": 30.600000381469727,
    "use_power": true,
    "threshold_6": 203.15000915527344,
    "threshold_7": 255,
    "threshold_4": 41.537841796875,
    "power": 4.40000057220459,
    "threshold_5": 82.31314086914062,
    "nb_values": 6,
    "threshold_8": 255,
    "max_value": 203.15000915527344,
    "threshold_9": 255
  }
}