{
  "Style": {
    "backgroundColor": -1,
    "lineColor": -16777216,
    "lineWidth": 1.6500000953674316
  },
  "Image": {
    "Blur": 2,
    "ImageAlpha": 0,
    "Width": 1142,
    "Contrast": 0,
    "source_file": "Rosaparks_4-5_(cropped).jpg"
  },
  "Lines": {
    "lines_spacing": 0.6610000133514404,
    "precision": 3.5973334312438965,
    "min_radius": 0,
    "draw": false,
    "type": 1,
    "canvas_width": 841,
    "max_radius": 1420.0001220703125,
    "size": 520.7666625976562,
    "nb_lines": 2148,
    "canvas_height": 733,
    "ellipse": -0.059999942779541016,
    "center_y": 800,
    "use_canvas": false,
    "direction": -39.599998474121094,
    "center_x": -33.333251953125
  },
  "Threshold": {
    "mirror": true,
    "threshold_2": 90.95000457763672,
    "threshold_3": 130.0500030517578,
    "threshold_1": 46.75,
    "black": true,
    "draw": true,
    "min_value": 67.1500015258789,
    "use_power": true,
    "threshold_6": 215.90000915527344,
    "threshold_7": 233.75,
    "threshold_4": 171.6999969482422,
    "power": 0.40000057220458984,
    "threshold_5": 198.0500030517578,
    "nb_values": 8,
    "threshold_8": 0,
    "max_value": 212.50001525878906
  }
}