{
  "Style": {
    "backgroundColor": -1,
    "lineColor": -16118253,
    "lineWidth": 0.5833333134651184
  },
  "Image": {
    "Blur": 2,
    "ImageAlpha": 0,
    "Width": 1112,
    "Contrast": 0,
    "source_file": "tree.png"
  },
  "Lines": {
    "lines_spacing": 0.628000020980835,
    "precision": 2.310999870300293,
    "min_radius": 0,
    "draw": false,
    "type": 0,
    "canvas_width": 751,
    "max_radius": 0,
    "size": 527.4000244140625,
    "nb_lines": 1679,
    "canvas_height": 787,
    "ellipse": 0,
    "center_y": 613.33349609375,
    "use_canvas": false,
    "direction": 34.19999694824219,
    "center_x": -33.333251953125
  },
  "Threshold": {
    "mirror": true,
    "threshold_2": 90.95000457763672,
    "threshold_3": 130.0500030517578,
    "threshold_1": 106.25000762939453,
    "black": true,
    "threshold_6": 53.55000305175781,
    "threshold_7": 100.30000305175781,
    "threshold_4": 171.6999969482422,
    "draw": true,
    "threshold_5": 128.35000610351562,
    "nb_values": 4,
    "threshold_8": 0
  }
}