{
  "Style": {
    "backgroundColor": -1,
    "lineColor": -16777216,
    "lineWidth": 0.75
  },
  "Image": {
    "Blur": 1,
    "ImageAlpha": 0,
    "Width": 1442,
    "Contrast": 0,
    "source_file": "venus-nobg.png"
  },
  "Lines": {
    "lines_spacing": 0.5949999690055847,
    "precision": 0.8533333539962769,
    "min_radius": 130,
    "draw": false,
    "type": 0,
    "canvas_width": 913,
    "max_radius": 290,
    "size": 845.800048828125,
    "nb_lines": 2843,
    "canvas_height": 547,
    "ellipse": 0,
    "center_y": 26.6666259765625,
    "use_canvas": false,
    "direction": -1.1999969482421875,
    "center_x": -33.333251953125
  },
  "Threshold": {
    "mirror": true,
    "threshold_2": 60.35000228881836,
    "threshold_3": 98.60000610351562,
    "threshold_1": 41.650001525878906,
    "black": true,
    "threshold_6": 54.400001525878906,
    "threshold_7": 100.30000305175781,
    "threshold_4": 130.89999389648438,
    "draw": true,
    "threshold_5": 162.34999084472656,
    "nb_values": 5,
    "threshold_8": 0
  }
}